{
    "loss": 7.768002986907959,
    "accuracy": 0.5686274766921997
}